Neighborhood,Zip code
Cardozo ,20001
Howard University ,20001
Le Droit Park ,20001
Logan Circle ,20001
Mount Vernon Square ,20001
Shaw ,20001
Arboretum ,20002
Carver Langston ,20002
Eckington ,20002
Ivy City ,20002
Kingman Park ,20002
Lincoln Park ,20002
Stanton Park ,20002
Trinidad ,20002
Union Station ,20002
Navy Yard ,20003
Near Southeast ,20003
Burleith ,20007
Foxhall Crescent ,20007
Foxhall Village ,20007
Georgetown ,20007
Georgetown Reservoir ,20007
Glover Park ,20007
Hillandale ,20007
Massachusetts Avenue Heights ,20007
Cleveland Park ,20008
Forest Hills ,20008
North Cleveland Park ,20008
Van Ness ,20008
Woodland-Normanstone Terrace ,20008
Woodley Park ,20008
Woodland ,20008
Adams Morgan ,20009
Fairmont Heights ,20009
Lanier Heights ,20009
Summit Park ,20009
Columbia Heights ,20010
Mt. Pleasant ,20010
Park View ,20010
Pleasant Plains ,20010
Brightwood ,20011
Brightwood Park ,20011
Crestwood ,20011
Fort Totten ,20011
Lamond Riggs ,20011
Manor Park ,20011
Petworth ,20011
Queens Chapel ,20011
Sheridan ,20011
Colonial Village ,20012
North Portal Estates ,20012
Shepherd Park ,20012
Takoma ,20012
Barnaby Woods ,20015
Chevy Chase ,20015
Hawthorne ,20015
American University Park ,20016
Cathedral Heights ,20016
Friendship Heights ,20016
Hillbrook ,20016
Mahaning Heights ,20016
McLean Gardens ,20016
Palisades ,20016
Spring Valley ,20016
Tenleytown ,20016
Wesley Heights ,20016
Bloomingdale ,20017
Brookland ,20017
Edgewood ,20017
Michigan Park ,20017
North Michigan Park ,20017
Truxton Circle ,20017
University Heights ,20017
Fort Lincoln ,20018
Gateway ,20018
Langdon ,20018
Woodridge ,20018
Benning ,20019
Benning Heights ,20019
Burrville ,20019
Deanwood ,20019
Eastland Gardens ,20019
Fort Dupont ,20019
Grant Park ,20019
Greenway ,20019
Kenilworth ,20019
Lincoln Heights ,20019
Marshall Heights ,20019
Mayfair ,20019
Penn Branch ,20019
River Terrace ,20019
Barry Farm ,20020
Buena Vista ,20020
Capitol View ,20020
Douglass ,20020
Dupont Park ,20020
Fairfax Village ,20020
Fairlawn ,20020
Fort Davis Park ,20020
Fort Stanton ,20020
Garfield Heights ,20020
Hillcrest ,20020
Historic Anacostia ,20020
Knox Hill ,20020
Naylor Gardens ,20020
Pleasant Hill ,20020
Randle Highlands ,20020
Shipley Terrace ,20020
Twining ,20020
Buzzard Point ,20024
Southwest Employment Area ,20024
Southwest ,20024
Southwest Waterfront ,20024
Bellevue ,20032
Congress Heights ,20032
Washington Highlands,20032
Connecticut Avenue ,20036
Dupont Circle ,20036
Foggy Bottom ,20037
GWU ,20037
West End ,20037
Fort McNair ,20319
Brentwood ,20722
North Capitol Street ,20001
Penn Quarter ,20001
Capitol Hill ,20002
Kalorama Heights ,20008
K Street ,20036